design,substitutions,n_histidines,engages,observed_kcal_mol,null_mean,null_sd,null_max,null_fraction_zero,p_empirical,n_draws
EGFRd3_p2g0_l66_s408238_mpnn4_model2,Q23H V12H,2,H433 D460,1.791,0.251,0.383,1.791,0.67,0.003,3000
EGFRd3_p2g0_l66_s408238_mpnn4_model2,Q23H V12H,2,H370 D460,1.436,0.251,0.383,1.791,0.67,0.01899,3000
EGFRd3_p2g0_l66_s408238_mpnn4_model2,Q23H,1,H433,0.943,0.118,0.271,0.943,0.834,0.03299,3000
EGFRd3_p2g0_l73_s455990_mpnn4_model1,Y63H F59H M9H,3,H370 H433 D460,2.379,0.39,0.493,2.379,0.564,0.00267,3000
EGFRd3_p2g0_l73_s455990_mpnn4_model1,F59H M9H,2,H433 D460,1.791,0.259,0.406,1.791,0.686,0.005,3000
EGFRd3_p2g0_l73_s455990_mpnn4_model1,Y63H F59H,2,H370 H433,1.531,0.259,0.406,1.791,0.686,0.01466,3000
EGFRd3_p2g0_l74_s203049_mpnn7_model1,H59 V2H W70H,3,H370 H433 D460,2.379,0.556,0.536,2.379,0.434,0.003,3000
EGFRd3_p2g0_l74_s203049_mpnn7_model1,V2H W70H,2,H433 D460,1.791,0.381,0.481,1.791,0.588,0.015,3000
EGFRd3_p2g0_l74_s203049_mpnn7_model1,H59 V2H,2,H370 H433,1.531,0.381,0.481,1.791,0.588,0.02932,3000
EGFRd3_p2g1_l63_s42253_mpnn4_model2,R49H Q57H W60H,3,D368 H433 D460,2.639,0.638,0.549,2.639,0.327,0.00233,3000
EGFRd3_p2g1_l63_s42253_mpnn4_model2,R49H T52H Q57H,3,D368 H370 H433,2.379,0.638,0.549,2.639,0.327,0.00633,3000
EGFRd3_p2g1_l63_s42253_mpnn4_model2,T52H Q57H W60H,3,H370 H433 D460,2.379,0.638,0.549,2.639,0.327,0.00633,3000
EGFRd3_p2g1_l68_s39881_mpnn3_model1,M10H H11,2,D368 H433,1.791,0.492,0.522,1.791,0.487,0.03632,3000
EGFRd3_p2g1_l68_s39881_mpnn3_model1,M10H H11,2,H370 H433,1.531,0.492,0.522,1.791,0.487,0.04499,3000
EGFRd3_p2g1_l68_s39881_mpnn3_model1,H11,1,H433,0.943,0.258,0.396,0.943,0.697,0.12163,3000
