filter,category,rejections,percent_of_total
i_pAE,confidence,108,33.54
i_pTM,confidence,89,27.64
pLDDT,confidence,65,20.19
n_InterfaceUnsatHbonds,other,21,6.52
Surface_Hydrophobicity,other,9,2.8
ShapeComplementarity,other,7,2.17
n_InterfaceHbonds,other,5,1.55
Binder_RMSD,other,5,1.55
Binder_pLDDT,confidence,4,1.24
Trajectory_final_pLDDT,confidence,3,0.93
Trajectory_Clashes,other,2,0.62
Trajectory_one-hot_pLDDT,confidence,2,0.62
Trajectory_logits_pLDDT,confidence,1,0.31
Trajectory_softmax_pLDDT,confidence,1,0.31
