rank,centre,n_residues,area_a2,score,score_ph_potential,score_conservation,score_functional,score_geometry,histidines,histidines_adjacent,cetuximab_overlap,conservation_identical_pct,nearest_glycan_a,shell_size,residues
1,430,10,784.8,0.8461,1.0,0.943,0.375,0.883,433,358,3,94.3,15.3,25,366 427 429 430 431 432 433 434 435 458
2,460,11,846.1,0.8001,0.801,0.882,0.625,0.9,433,,5,88.2,16.0,23,431 432 433 434 435 458 460 483 487 488 489
3,432,8,565.9,0.755,0.801,0.857,0.5,0.774,433,,4,85.7,12.1,27,408 430 431 432 433 434 435 460
4,490,9,638.4,0.6809,0.594,0.708,0.75,0.807,,433 507,6,70.8,12.3,39,464 473 474 487 488 489 490 493 496
5,427,11,760.6,0.6504,0.692,0.951,0.0,0.883,,358 433,0,95.1,15.3,30,366 424 427 429 430 431 455 457 458 482 483
6,487,8,719.7,0.6113,0.401,0.861,0.5,0.927,,433,4,86.1,17.1,28,435 460 478 483 487 488 489 490
7,483,8,517.9,0.5502,0.401,0.906,0.125,0.932,,433,1,90.6,20.5,24,427 455 457 458 460 482 483 487
8,473,9,646.4,0.4418,0.194,0.696,0.375,0.807,,507,3,69.6,12.3,37,473 474 476 488 490 493 496 500 505
9,452,8,752.6,0.4241,0.194,0.886,0.0,0.81,,507,0,88.6,12.4,27,421 422 424 452 454 455 521 533
10,479,8,710.4,0.4163,0.194,0.853,0.0,0.83,,507,0,85.3,13.2,26,454 455 476 478 479 482 513 524
11,476,8,621.2,0.3786,0.194,0.727,0.0,0.83,,507,0,72.7,13.2,36,473 474 476 478 479 488 513 524
12,455,10,698.5,0.3673,0.0,0.921,0.0,0.91,,,0,92.1,16.4,28,424 427 452 454 455 457 458 479 482 483
