groups,size,receptor_side_his,engineered_his_needed,max_span_a,min_separation_a,max_normal_angle_deg,total_coupling_kcal_mol,predicted_fold_change,shared_patches
D368 H433 D458,3,1,2,15.9,11.3,20.0,2.639,86.0,1 2 3
D368 H433 D460,3,1,2,15.1,11.3,16.5,2.639,86.0,1 2 3
H433 D458 D460,3,1,2,15.9,8.1,20.0,2.639,86.0,1 2 3
D368 E455 D458,3,0,3,17.1,11.4,30.0,2.544,73.2,5
D368 E455 D460,3,0,3,17.1,15.1,30.0,2.544,73.2,5
D368 D458 D460,3,0,3,15.1,8.1,18.2,2.544,73.2,1 2 3 5
E455 D458 D460,3,0,3,16.2,8.1,14.2,2.544,73.2,5
D368 H370 H433,3,2,1,11.3,5.6,8.5,2.379,55.4,1 3
H370 H433 D458,3,2,1,16.9,9.8,25.8,2.379,55.4,1 3
H370 H433 D460,3,2,1,17.3,9.8,21.8,2.379,55.4,1 3
D368 H370 E455,3,1,2,21.3,5.6,35.9,2.284,47.2,none
D368 H370 D458,3,1,2,16.9,5.6,25.8,2.284,47.2,1 3
D368 H370 D460,3,1,2,17.3,5.6,21.8,2.284,47.2,1 3
H370 E455 D458,3,1,2,21.3,11.4,35.9,2.284,47.2,none
H370 E455 D460,3,1,2,21.3,16.2,35.9,2.284,47.2,none
H370 D458 D460,3,1,2,17.3,8.1,25.8,2.284,47.2,1 3
D368 H433,2,1,1,11.3,11.3,3.5,1.791,20.6,1 2 3
H433 D458,2,1,1,15.9,15.9,20.0,1.791,20.6,1 2 3
H433 D460,2,1,1,12.8,12.8,16.5,1.791,20.6,1 2 3
D368 E455,2,0,2,17.1,17.1,30.0,1.696,17.5,5
D368 D458,2,0,2,12.5,12.5,18.2,1.696,17.5,1 2 3 5
D368 D460,2,0,2,15.1,15.1,16.1,1.696,17.5,1 2 3 5
E455 D458,2,0,2,11.4,11.4,14.0,1.696,17.5,5
E455 D460,2,0,2,16.2,16.2,14.2,1.696,17.5,5
D458 D460,2,0,2,8.1,8.1,7.9,1.696,17.5,1 2 3 5
D460 E496,2,0,2,21.3,21.3,24.6,1.696,17.5,none
H370 H433,2,2,0,9.8,9.8,5.8,1.531,13.3,1 3
D368 H370,2,1,1,5.6,5.6,8.5,1.436,11.3,1 3
H370 E455,2,1,1,21.3,21.3,35.9,1.436,11.3,none
H370 D458,2,1,1,16.9,16.9,25.8,1.436,11.3,1 3
H370 D460,2,1,1,17.3,17.3,21.8,1.436,11.3,1 3
